Tag,Gallery,20,<< conteggio tag in gallery,Note
digitale,,,,
tecnologico,x,,,
minacce,,,,
diverso,x,,,
innovativo,x,,,
istituzioni,,,,
positivo,x,,,
salute,x,,,
lavoro,,,,
femminile,x,,,
rete,,,,
Made in Italy,x,,,
sostenibile,x,,,
big data,x,,,
giovane,x,,,
economia,,,,
generazioni,,,,
cultura,,,,
ricerca,x,,,
informazione,,,,
globale,,,,
intelligenza artificiale,,,,
bio,x,,,
sport,x,,,
scienza,x,,,
crescita,,,,
territorio,,,,
clima,,,,
ricchezza,,,,
cibo,x,,,
scuola,x,,,
arte,,,,
città,,,,
equo,x,,,
opportunità,,,,
qualità della vita,,,,
moda,,,,
integrazione,,,,
genitori e figli,,,,
in Europa,,,,
social,x,,,
fede,x,,,
povertà,,,,
patrimonio,,,,
welfare,,,,
valori,,,,
materiali,,,,
legalità,x,,,
Sud,,,,
identità,,,,
cittadini,,,,
immigrazione,,,,
musica,,,,
accessibile,,,,
design,,,,
sentimenti,,,,
diritti,,,,
terrorismo,,,,
smart,,,,
visionario,,,,
in movimento,,,,